{"cameraMode":{"drawMode":0,"name":"Shaded","section":"Shading Mode"},"sceneLighting":false,"audioPlay":false,"sceneViewState":{"m_AlwaysRefresh":false,"showFog":true,"showSkybox":false,"showFlares":true,"showImageEffects":true,"showParticleSystems":true,"showVisualEffectGraphs":true,"m_FxEnabled":true},"in2DMode":false,"pivot":{"x":1.991410732269287,"y":1.2537412643432618,"z":2.509493589401245},"rotation":{"x":-0.0035072786267846824,"y":0.9388813376426697,"z":0.00956796109676361,"w":0.34410208463668826},"size":3.2004942893981935,"orthographic":false}