{"cameraMode":{"drawMode":0,"name":"Shaded","section":"Shading Mode"},"sceneLighting":false,"audioPlay":false,"sceneViewState":{"m_AlwaysRefresh":false,"showFog":true,"showSkybox":false,"showFlares":true,"showImageEffects":true,"showParticleSystems":true,"showVisualEffectGraphs":true,"m_FxEnabled":true},"in2DMode":false,"pivot":{"x":1990.112548828125,"y":1074.26123046875,"z":-348.1119384765625},"rotation":{"x":-0.007804746273905039,"y":-0.03389649838209152,"z":0.00026627659099176526,"w":-0.9993997812271118},"size":301.5768127441406,"orthographic":false}