{"cameraMode":{"drawMode":0,"name":"Shaded","section":"Shading Mode"},"sceneLighting":false,"audioPlay":false,"sceneViewState":{"m_AlwaysRefresh":false,"showFog":true,"showSkybox":false,"showFlares":true,"showImageEffects":true,"showParticleSystems":true,"showVisualEffectGraphs":true,"m_FxEnabled":true},"in2DMode":false,"pivot":{"x":-1.0382544994354249,"y":2.963977813720703,"z":3.5127453804016115},"rotation":{"x":0.4133800268173218,"y":0.02321140095591545,"z":-0.010541887022554875,"w":0.9102044701576233},"size":5.050638198852539,"orthographic":false}