{"cameraMode":{"drawMode":0,"name":"Shaded","section":"Shading Mode"},"sceneLighting":false,"audioPlay":false,"sceneViewState":{"m_AlwaysRefresh":false,"showFog":true,"showSkybox":false,"showFlares":true,"showImageEffects":true,"showParticleSystems":true,"showVisualEffectGraphs":true,"m_FxEnabled":true},"in2DMode":false,"pivot":{"x":-0.1508035659790039,"y":1.610131025314331,"z":6.987240314483643},"rotation":{"x":-0.0386493019759655,"y":-0.040462568402290347,"z":-0.0015668680425733328,"w":0.9984341263771057},"size":3.245284080505371,"orthographic":false}