{"cameraMode":{"drawMode":0,"name":"Shaded","section":"Shading Mode"},"sceneLighting":false,"audioPlay":false,"sceneViewState":{"m_AlwaysRefresh":false,"showFog":true,"showSkybox":false,"showFlares":true,"showImageEffects":true,"showParticleSystems":true,"showVisualEffectGraphs":true,"m_FxEnabled":true},"in2DMode":false,"pivot":{"x":1251.1629638671875,"y":279.81304931640627,"z":-362.2364501953125},"rotation":{"x":0.11554881185293198,"y":-0.005963925737887621,"z":0.000693677575327456,"w":0.9932854771614075},"size":516.5448608398438,"orthographic":false}