{"cameraMode":{"drawMode":0,"name":"Shaded","section":"Shading Mode"},"sceneLighting":false,"audioPlay":false,"sceneViewState":{"m_AlwaysRefresh":false,"showFog":true,"showSkybox":false,"showFlares":true,"showImageEffects":true,"showParticleSystems":true,"showVisualEffectGraphs":true,"m_FxEnabled":true},"in2DMode":false,"pivot":{"x":1298.4525146484375,"y":685.2940673828125,"z":2.7309417724609377},"rotation":{"x":0.0026906828861683609,"y":0.014096100814640522,"z":0.00003647545963758603,"w":-0.9999014139175415},"size":112.06924438476563,"orthographic":false}