{"cameraMode":{"drawMode":0,"name":"Shaded","section":"Shading Mode"},"sceneLighting":false,"audioPlay":false,"sceneViewState":{"m_AlwaysRefresh":false,"showFog":true,"showSkybox":false,"showFlares":true,"showImageEffects":true,"showParticleSystems":true,"showVisualEffectGraphs":true,"m_FxEnabled":true},"in2DMode":false,"pivot":{"x":51.558433532714847,"y":1421.7105712890625,"z":0.9203910827636719},"rotation":{"x":0.009306641295552254,"y":0.023993344977498056,"z":-0.0002213960251538083,"w":0.9996757507324219},"size":30.6635684967041,"orthographic":false}