{"cameraMode":{"drawMode":0,"name":"Shaded","section":"Shading Mode"},"sceneLighting":false,"audioPlay":false,"sceneViewState":{"m_AlwaysRefresh":false,"showFog":true,"showSkybox":false,"showFlares":true,"showImageEffects":true,"showParticleSystems":true,"showVisualEffectGraphs":true,"m_FxEnabled":true},"in2DMode":false,"pivot":{"x":1297.485107421875,"y":724.282470703125,"z":-0.31310272216796877},"rotation":{"x":0.00030935037648305297,"y":0.008996441960334778,"z":-8.062412462095381e-7,"w":0.9999663829803467},"size":49.68545150756836,"orthographic":false}