{"cameraMode":{"drawMode":0,"name":"Shaded","section":"Shading Mode"},"sceneLighting":false,"audioPlay":false,"sceneViewState":{"m_AlwaysRefresh":false,"showFog":true,"showSkybox":false,"showFlares":true,"showImageEffects":true,"showParticleSystems":true,"showVisualEffectGraphs":true,"m_FxEnabled":true},"in2DMode":false,"pivot":{"x":62.68614959716797,"y":11.66369342803955,"z":-0.42073822021484377},"rotation":{"x":0.00030935037648305297,"y":0.008996441960334778,"z":-8.062412462095381e-7,"w":0.9999663829803467},"size":77.57645416259766,"orthographic":false}