{"cameraMode":{"drawMode":0,"name":"Shaded","section":"Shading Mode"},"sceneLighting":false,"audioPlay":false,"sceneViewState":{"m_AlwaysRefresh":false,"showFog":true,"showSkybox":false,"showFlares":true,"showImageEffects":true,"showParticleSystems":true,"showVisualEffectGraphs":true,"m_FxEnabled":true},"in2DMode":false,"pivot":{"x":0.177615687251091,"y":1.1343016624450684,"z":3.6014344692230226},"rotation":{"x":-0.0028889188542962076,"y":0.98955899477005,"z":-0.14288142323493958,"w":-0.02017848566174507},"size":1.7348520755767823,"orthographic":false}