{"cameraMode":{"drawMode":0,"name":"Shaded","section":"Shading Mode"},"sceneLighting":false,"audioPlay":false,"sceneViewState":{"m_AlwaysRefresh":false,"showFog":true,"showSkybox":false,"showFlares":true,"showImageEffects":true,"showParticleSystems":true,"showVisualEffectGraphs":true,"m_FxEnabled":true},"in2DMode":false,"pivot":{"x":207.04351806640626,"y":252.5868377685547,"z":4.955162048339844},"rotation":{"x":0.009306641295552254,"y":0.023993344977498056,"z":-0.0002213960251538083,"w":0.9996757507324219},"size":83.36546325683594,"orthographic":false}