{"cameraMode":{"drawMode":0,"name":"Shaded","section":"Shading Mode"},"sceneLighting":false,"audioPlay":false,"sceneViewState":{"m_AlwaysRefresh":false,"showFog":true,"showSkybox":false,"showFlares":true,"showImageEffects":true,"showParticleSystems":true,"showVisualEffectGraphs":true,"m_FxEnabled":true},"in2DMode":false,"pivot":{"x":-15.229412078857422,"y":9.411155700683594,"z":0.9063720703125},"rotation":{"x":0.009306641295552254,"y":0.023993344977498056,"z":-0.0002213960251538083,"w":0.9996757507324219},"size":86.43669128417969,"orthographic":false}