{"cameraMode":{"drawMode":0,"name":"Shaded","section":"Shading Mode"},"sceneLighting":false,"audioPlay":false,"sceneViewState":{"m_AlwaysRefresh":false,"showFog":true,"showSkybox":false,"showFlares":true,"showImageEffects":true,"showParticleSystems":true,"showVisualEffectGraphs":true,"m_FxEnabled":true},"in2DMode":false,"pivot":{"x":10.569744110107422,"y":0.2875704765319824,"z":-10.340570449829102},"rotation":{"x":0.6709822416305542,"y":0.02112293802201748,"z":-0.01912783831357956,"w":0.740929126739502},"size":3.4106497764587404,"orthographic":false}