{"cameraMode":{"drawMode":0,"name":"Shaded","section":"Shading Mode"},"sceneLighting":false,"audioPlay":false,"sceneViewState":{"m_AlwaysRefresh":false,"showFog":true,"showSkybox":false,"showFlares":true,"showImageEffects":true,"showParticleSystems":true,"showVisualEffectGraphs":true,"m_FxEnabled":true},"in2DMode":false,"pivot":{"x":12.481302261352539,"y":1.4092166423797608,"z":2.316053867340088},"rotation":{"x":0.07683990150690079,"y":-0.6892252564430237,"z":0.07389673590660095,"w":0.7166771292686462},"size":1.9144954681396485,"orthographic":false}