{"cameraMode":{"drawMode":0,"name":"Shaded","section":"Shading Mode"},"sceneLighting":true,"audioPlay":false,"sceneViewState":{"m_AlwaysRefresh":false,"showFog":true,"showSkybox":true,"showFlares":true,"showImageEffects":true,"showParticleSystems":true,"showVisualEffectGraphs":true,"m_FxEnabled":true},"in2DMode":false,"pivot":{"x":2.1793384552001955,"y":4.615335464477539,"z":9.626312255859375},"rotation":{"x":0.15279829502105714,"y":0.4111168384552002,"z":-0.07007308304309845,"w":0.8959762454032898},"size":26.637222290039064,"orthographic":false}