{"cameraMode":{"drawMode":0,"name":"Shaded","section":"Shading Mode"},"sceneLighting":true,"audioPlay":false,"sceneViewState":{"m_AlwaysRefresh":false,"showFog":true,"showSkybox":true,"showFlares":true,"showImageEffects":true,"showParticleSystems":true,"showVisualEffectGraphs":true,"m_FxEnabled":true},"in2DMode":false,"pivot":{"x":1.1999974250793458,"y":1884.1463623046875,"z":-0.39233970642089846},"rotation":{"x":0.2299247831106186,"y":0.7682977318763733,"z":-0.39153674244880679,"w":0.4511784613132477},"size":7.609784126281738,"orthographic":false}