{"cameraMode":{"drawMode":0,"name":"Shaded","section":"Shading Mode"},"sceneLighting":true,"audioPlay":false,"sceneViewState":{"m_AlwaysRefresh":false,"showFog":true,"showSkybox":true,"showFlares":true,"showImageEffects":true,"showParticleSystems":true,"showVisualEffectGraphs":true,"m_FxEnabled":true},"in2DMode":false,"pivot":{"x":1175.679931640625,"y":834.5202026367188,"z":745.9161376953125},"rotation":{"x":0.059354618191719058,"y":0.016470344737172128,"z":-0.0009794645011425019,"w":0.9981042742729187},"size":1416.334716796875,"orthographic":false}