{"cameraMode":{"drawMode":0,"name":"Shaded","section":"Shading Mode"},"sceneLighting":true,"audioPlay":false,"sceneViewState":{"m_AlwaysRefresh":false,"showFog":true,"showSkybox":true,"showFlares":true,"showImageEffects":true,"showParticleSystems":true,"showVisualEffectGraphs":true,"m_FxEnabled":true},"in2DMode":false,"pivot":{"x":1370.6688232421875,"y":625.9785766601563,"z":-10.86920166015625},"rotation":{"x":-0.08719242364168167,"y":0.013417110778391362,"z":-0.001174628734588623,"w":-0.9961240887641907},"size":614.2003173828125,"orthographic":false}