{"cameraMode":{"drawMode":0,"name":"Shaded","section":"Shading Mode"},"sceneLighting":true,"audioPlay":false,"sceneViewState":{"m_AlwaysRefresh":false,"showFog":true,"showSkybox":true,"showFlares":true,"showImageEffects":true,"showParticleSystems":true,"showVisualEffectGraphs":true,"m_FxEnabled":true},"in2DMode":false,"pivot":{"x":-0.17356714606285096,"y":4.296167373657227,"z":-3.6329193115234377},"rotation":{"x":0.4425111711025238,"y":0.004035024903714657,"z":-0.00199261330999434,"w":0.8967608213424683},"size":11.797618865966797,"orthographic":false}