{"cameraMode":{"drawMode":0,"name":"Shaded","section":"Shading Mode"},"sceneLighting":true,"audioPlay":false,"sceneViewState":{"m_AlwaysRefresh":false,"showFog":true,"showSkybox":true,"showFlares":true,"showImageEffects":true,"showParticleSystems":true,"showVisualEffectGraphs":true,"m_FxEnabled":true},"in2DMode":false,"pivot":{"x":2288.293212890625,"y":209.62384033203126,"z":264.2069396972656},"rotation":{"x":0.03178011253476143,"y":0.03896724060177803,"z":-0.0012379680993035436,"w":0.9987415075302124},"size":710.63427734375,"orthographic":false}