{"cameraMode":{"drawMode":0,"name":"Shaded","section":"Shading Mode"},"sceneLighting":true,"audioPlay":false,"sceneViewState":{"m_AlwaysRefresh":false,"showFog":true,"showSkybox":true,"showFlares":true,"showImageEffects":true,"showParticleSystems":true,"showVisualEffectGraphs":true,"m_FxEnabled":true},"in2DMode":false,"pivot":{"x":-1.1833586692810059,"y":1886.8756103515625,"z":3.067988395690918},"rotation":{"x":0.32866042852401736,"y":-0.6321777105331421,"z":0.33785301446914675,"w":0.6149750351905823},"size":5.475628852844238,"orthographic":false}