{"cameraMode":{"drawMode":0,"name":"Shaded","section":"Shading Mode"},"sceneLighting":true,"audioPlay":false,"sceneViewState":{"m_AlwaysRefresh":false,"showFog":true,"showSkybox":true,"showFlares":true,"showImageEffects":true,"showParticleSystems":true,"showVisualEffectGraphs":true,"m_FxEnabled":true},"in2DMode":false,"pivot":{"x":2354.85400390625,"y":1207.8392333984375,"z":855.3963012695313},"rotation":{"x":-0.007807652000337839,"y":-0.01803158037364483,"z":0.0001420539483660832,"w":-0.9998215436935425},"size":498.19366455078127,"orthographic":false}