{"cameraMode":{"drawMode":0,"name":"Shaded","section":"Shading Mode"},"sceneLighting":true,"audioPlay":false,"sceneViewState":{"m_AlwaysRefresh":false,"showFog":true,"showSkybox":true,"showFlares":true,"showImageEffects":true,"showParticleSystems":true,"showVisualEffectGraphs":true,"m_FxEnabled":true},"in2DMode":false,"pivot":{"x":1.6906046867370606,"y":1.3785953521728516,"z":8.040035247802735},"rotation":{"x":-0.029768329113721849,"y":-0.49127331376075747,"z":-0.016806000843644143,"w":0.8703477382659912},"size":1.5595622062683106,"orthographic":false}