{"cameraMode":{"drawMode":0,"name":"Shaded","section":"Shading Mode"},"sceneLighting":true,"audioPlay":false,"sceneViewState":{"m_AlwaysRefresh":false,"showFog":true,"showSkybox":true,"showFlares":true,"showImageEffects":true,"showParticleSystems":true,"showVisualEffectGraphs":true,"m_FxEnabled":true},"in2DMode":false,"pivot":{"x":-4.502267837524414,"y":10.000312805175782,"z":-2.7709522247314455},"rotation":{"x":0.4044721722602844,"y":0.0013713425723835827,"z":-0.0006081429310142994,"w":0.9145590662956238},"size":8.324304580688477,"orthographic":false}